{
	"EchoTime": 0.02985,
	"RepetitionTime": 0.068101
}
