{
	"EchoTime": 0.02984,
	"RepetitionTime": 0.068062
}
